{
  "num_ids": 12,
  "num_with_gt": 12,
  "pairwise_means": {
    "node_precision_avg": 0.31743055555555555,
    "node_recall_avg": 0.31743055555555555,
    "node_f1_avg": 0.22822510822510825,
    "edge_precision_avg": 0.0,
    "edge_recall_avg": 0.0,
    "edge_f1_avg": 0.0,
    "lcs_ratio_avg": 0.31743055555555555,
    "edit_distance_norm_avg": 1.940625,
    "kendall_tau_avg": 0.8888888888888888
  },
  "pairwise_medians": {
    "node_precision_avg": 0.31666666666666665,
    "node_recall_avg": 0.31666666666666665,
    "node_f1_avg": 0.2474747474747475,
    "edge_precision_avg": 0.0,
    "edge_recall_avg": 0.0,
    "edge_f1_avg": 0.0,
    "lcs_ratio_avg": 0.31666666666666665,
    "edit_distance_norm_avg": 1.3166666666666667,
    "kendall_tau_avg": 1.0
  },
  "gt_means": {
    "node_precision": 0.6941378066378067,
    "node_recall": 0.3415366204267806,
    "node_f1": 0.42383023221569227,
    "edge_precision": 0.21386525684654026,
    "edge_recall": 0.12852949814672301,
    "edge_f1": 0.15490284002108873,
    "lcs_ratio": 0.31466026451724394,
    "edit_distance": 12.954545454545455,
    "edit_distance_norm": 0.710826748469769,
    "sequence_accuracy": 0.045454545454545456,
    "positional_accuracy": 0.2197691197691198,
    "kendall_tau": 0.9466666666666667,
    "geo_mean_km": 0.6685039730801449,
    "geo_median_km": 0.48889742801908304,
    "geo_within_1km": 0.8125000000000001,
    "geo_within_5km": 1.0,
    "geo_within_10km": 1.0,
    "pred_len": 7.5,
    "gt_len": 17.227272727272727
  },
  "gt_medians": {
    "node_precision": 0.75,
    "node_recall": 0.3318077803203661,
    "node_f1": 0.45670995670995673,
    "edge_precision": 0.029411764705882353,
    "edge_recall": 0.022727272727272728,
    "edge_f1": 0.032258064516129024,
    "lcs_ratio": 0.29891304347826086,
    "edit_distance": 11.0,
    "edit_distance_norm": 0.75,
    "sequence_accuracy": 0.0,
    "positional_accuracy": 0.1875,
    "kendall_tau": 1.0,
    "geo_mean_km": 0.11789618647465493,
    "geo_median_km": 0.0,
    "geo_within_1km": 0.9166666666666667,
    "geo_within_5km": 1.0,
    "geo_within_10km": 1.0,
    "pred_len": 6.5,
    "gt_len": 14.0
  }
}